estado,año,pibe_millones,poblacion,pib_per_capita,pct_secundario,pct_terciario,informalidad_pct,escolaridad_promedio,ied_mdd,remesas_mdd,homicidios_100k
Aguascalientes,2006,200318,1068000,187564,37.33,51.5,46.05,9.23,140.59,379.39,2.43
Baja California,2006,772687,2951000,261839,45.97,44.55,39.44,9.26,1340.72,302.06,15.76
Baja California Sur,2006,126685,518000,244566,21.63,69.33,37.53,9.4,592.18,28.53,5.02
Campeche,2006,959641,724000,1325471,89.95,8.76,60.03,8.51,30.42,82.01,4.56
Coahuila de Zaragoza,2006,798549,2528000,315882,56.06,35.25,40.34,9.47,608.28,275.33,4.23
Colima,2006,114844,611000,187961,25.85,63.36,51.96,8.95,106.5,183.1,7.2
Chiapas,2006,321114,4432000,72454,26.63,62.35,78.71,6.67,89.26,940.84,12.16
Chihuahua,2006,635598,3311000,191966,39.12,48.77,41.25,8.82,1948.82,473.93,19.57
Ciudad de México,2006,3134225,8721000,359388,15.47,77.78,49.55,10.54,5671.13,1490.39,9.37
Durango,2006,241373,1509000,159956,32.73,52.41,54.81,8.58,10.77,428.5,11.27
Guanajuato,2006,769496,5030000,152981,37.8,52.48,59.69,7.73,596.47,2311.2,4.1
Guerrero,2006,280083,3218000,87036,18.3,71.17,75.91,7.27,164.03,1455.72,24.52
Hidalgo,2006,349080,2401000,145389,45.15,46.06,73.16,8.1,194.38,982.85,1.96
Jalisco,2006,1340006,7135000,187807,29.95,57.11,55.69,8.78,992.74,1975.48,6.7
México,2006,1710986,14734000,116125,32.74,57.36,58.0,9.1,2403.1,2079.15,11.86
Michoacán de Ocampo,2006,485162,4052000,119734,23.25,61.49,71.57,7.42,63.35,2503.69,24.48
Morelos,2006,232044,1657000,140039,29.49,60.6,66.37,8.9,173.95,588.0,8.51
Nayarit,2006,135897,1007000,134952,26.05,61.13,62.15,8.61,246.49,348.24,10.53
Nuevo León,2006,1469584,4299000,341843,42.17,49.99,39.65,9.81,1727.22,342.55,3.91
Oaxaca,2006,380271,3651000,104155,34.97,56.0,79.91,6.94,110.28,1360.18,14.24
Puebla,2006,650293,5813000,111869,33.44,55.99,74.99,7.95,424.98,1482.57,6.09
Querétaro,2006,427147,1604000,266301,46.03,44.98,48.95,8.92,750.58,484.08,3.8
Quintana Roo,2006,234333,1191000,196753,15.68,75.81,50.2,9.12,412.11,99.54,5.63
San Luis Potosí,2006,377360,2487000,151733,39.69,51.1,61.76,8.26,198.72,714.49,6.35
Sinaloa,2006,411251,2701000,152259,18.92,64.36,54.91,9.08,146.66,503.22,17.14
Sonora,2006,605739,2524000,239992,45.15,43.02,44.27,9.42,459.23,325.97,9.94
Tabasco,2006,478125,2003000,238704,59.18,35.5,62.22,8.64,82.41,187.84,7.19
Tamaulipas,2006,657147,3121000,210557,44.48,47.02,44.93,9.12,854.09,496.73,11.5
Tlaxcala,2006,117236,1066000,109977,30.94,58.43,71.15,8.78,242.23,270.68,4.13
Veracruz de Ignacio de la Llave,2006,992039,7272000,136419,34.03,55.83,66.64,7.67,252.74,1680.78,4.95
Yucatán,2006,270590,1953000,138551,24.55,66.49,61.56,8.22,105.31,122.08,2.1
Zacatecas,2006,159901,1425000,112211,24.26,56.04,65.91,7.9,97.13,667.72,5.68
Aguascalientes,2007,219092,1097000,199719,39.91,49.18,46.92,9.23,410.57,381.71,3.83
Baja California,2007,778767,3040000,256173,45.73,45.07,38.59,9.26,1790.83,342.79,12.14
Baja California Sur,2007,137545,537000,256136,22.13,68.87,38.81,9.4,819.29,32.82,6.52
Campeche,2007,897800,735000,1221497,89.35,9.44,59.12,8.51,134.52,82.38,6.8
Coahuila de Zaragoza,2007,819995,2579000,317951,56.19,35.35,40.51,9.47,666.29,300.33,4.3
Colima,2007,122046,626000,194962,28.17,61.58,50.95,8.95,118.7,204.31,6.87
Chiapas,2007,324677,4496000,72215,24.37,64.3,77.81,6.67,186.88,943.96,2.25
Chihuahua,2007,664331,3361000,197659,40.23,47.94,42.09,8.82,2267.16,471.67,15.41
Ciudad de México,2007,3142464,8724000,360209,14.31,79.1,47.89,10.54,6931.54,1084.38,9.71
Durango,2007,248236,1519000,163421,34.02,51.98,51.99,8.58,421.62,464.13,11.45
Guanajuato,2007,778044,5118000,152021,36.31,53.86,59.76,7.73,1092.0,2447.09,4.28
Guerrero,2007,287333,3244000,88574,20.03,69.85,75.93,7.27,112.35,1525.81,23.61
Hidalgo,2007,359176,2435000,147506,45.74,45.92,72.97,8.1,87.07,1118.92,3.04
Jalisco,2007,1380126,7267000,189917,29.81,57.22,53.16,8.78,1837.72,2044.46,6.12
México,2007,1755709,14966000,117313,31.91,58.3,57.93,9.1,2220.92,2220.64,8.27
Michoacán de Ocampo,2007,499362,4083000,122303,24.63,60.13,70.49,7.42,1860.91,2494.18,13.79
Morelos,2007,237034,1681000,141008,30.41,59.69,67.22,8.9,393.5,651.01,7.61
Nayarit,2007,133768,1026000,130378,24.78,61.75,62.38,8.61,245.09,384.56,10.53
Nuevo León,2007,1532410,4419000,346778,41.78,50.57,39.46,9.81,3593.2,335.07,6.31
Oaxaca,2007,378474,3681000,102818,34.58,56.3,79.61,6.94,172.76,1555.31,15.32
Puebla,2007,674600,5921000,113933,33.95,55.59,75.25,7.95,662.7,1657.63,4.61
Querétaro,2007,451359,1655000,272724,45.51,45.5,47.84,8.92,815.27,486.67,3.32
Quintana Roo,2007,253901,1249000,203283,13.78,77.82,49.31,9.12,1001.72,100.95,9.69
San Luis Potosí,2007,382599,2521000,151765,38.95,52.02,61.14,8.26,523.92,797.72,5.67
Sinaloa,2007,431732,2729000,158202,21.23,62.02,52.9,9.08,278.21,535.58,14.58
Sonora,2007,614338,2566000,239415,44.38,43.28,43.57,9.42,961.14,340.25,12.59
Tabasco,2007,490367,2040000,240376,59.89,35.29,62.46,8.64,179.6,187.27,7.16
Tamaulipas,2007,670948,3173000,211455,44.8,46.56,44.87,9.12,877.44,529.33,6.08
Tlaxcala,2007,118240,1085000,108977,31.77,58.27,70.84,8.78,92.7,311.07,3.41
Veracruz de Ignacio de la Llave,2007,1024391,7315000,140040,35.2,54.94,66.3,7.67,577.94,1819.77,5.19
Yucatán,2007,276669,1999000,138404,24.93,66.38,62.49,8.22,192.98,140.13,2.45
Zacatecas,2007,165494,1440000,114926,25.91,55.81,65.5,7.9,867.52,704.02,5.21
Aguascalientes,2008,218473,1126000,194026,37.89,50.83,47.4,9.23,337.49,346.0,5.24
Baja California,2008,756707,3129000,241837,44.67,46.0,40.05,9.26,1454.14,348.16,32.95
Baja California Sur,2008,142084,555000,256007,25.42,65.97,39.12,9.4,810.58,36.13,6.85
Campeche,2008,828677,745000,1112318,87.91,10.67,60.06,8.51,150.05,75.8,7.25
Coahuila de Zaragoza,2008,806977,2630000,306835,55.02,36.36,42.26,9.47,583.08,289.93,6.84
Colima,2008,124498,641000,194225,28.19,61.21,51.58,8.95,187.54,192.29,8.89
Chiapas,2008,337161,4561000,73923,26.48,62.67,77.03,6.67,63.2,844.68,5.77
Chihuahua,2008,696713,3411000,204255,41.48,46.91,43.55,8.82,2625.23,494.47,76.25
Ciudad de México,2008,3183429,8728000,364738,13.56,79.7,47.9,10.54,7730.79,1128.68,10.66
Durango,2008,261333,1529000,170918,36.0,50.25,51.17,8.58,488.13,460.36,27.47
Guanajuato,2008,798104,5207000,153275,36.28,53.7,60.68,7.73,751.78,2413.75,5.67
Guerrero,2008,288164,3270000,88124,19.82,69.42,76.3,7.27,574.95,1494.66,30.73
Hidalgo,2008,370255,2469000,149962,45.59,45.99,74.27,8.1,121.74,1000.8,3.04
Jalisco,2008,1408020,7400000,190273,29.35,57.3,54.22,8.78,1040.67,1993.57,7.32
México,2008,1766744,15199000,116241,31.44,58.8,57.39,9.1,2345.89,2152.14,10.39
Michoacán de Ocampo,2008,511752,4113000,124423,24.35,59.71,69.69,7.42,187.21,2549.94,16.0
Morelos,2008,231184,1705000,135592,29.56,60.75,67.61,8.9,284.79,648.29,12.61
Nayarit,2008,143531,1044000,137482,25.87,60.47,62.54,8.61,164.64,392.09,14.85
Nuevo León,2008,1531655,4540000,337369,40.8,51.44,40.17,9.81,1670.88,337.21,5.31
Oaxaca,2008,388520,3711000,104694,35.23,55.54,80.19,6.94,201.18,1585.4,16.6
Puebla,2008,674193,6030000,111806,33.38,55.92,74.94,7.95,381.13,1682.39,5.87
Querétaro,2008,451687,1707000,264609,43.72,47.35,47.22,8.92,1071.5,454.52,4.34
Quintana Roo,2008,266797,1308000,203973,13.81,77.63,49.11,9.12,297.56,101.38,11.01
San Luis Potosí,2008,396937,2555000,155357,39.75,50.96,61.23,8.26,460.73,792.46,7.79
Sinaloa,2008,452117,2757000,163989,22.75,61.01,52.52,9.08,175.92,507.82,29.89
Sonora,2008,623270,2608000,238984,44.01,43.13,46.51,9.42,1579.03,323.81,16.72
Tabasco,2008,510292,2078000,245569,60.39,34.78,62.94,8.64,135.08,162.47,7.36
Tamaulipas,2008,686326,3225000,212814,45.38,45.83,45.84,9.12,932.43,521.34,8.25
Tlaxcala,2008,119842,1104000,108553,29.74,59.67,71.93,8.78,123.71,317.89,4.8
Veracruz de Ignacio de la Llave,2008,1013362,7358000,137722,33.96,55.84,65.53,7.67,607.78,1685.21,4.62
Yucatán,2008,280991,2046000,137337,24.58,66.73,62.42,8.22,146.1,141.72,2.39
Zacatecas,2008,172266,1455000,118396,26.91,54.31,66.41,7.9,1836.46,709.84,6.87
Aguascalientes,2009,201960,1155000,174857,38.19,50.95,48.09,9.23,342.21,293.05,5.8
Baja California,2009,658791,3218000,204721,41.41,49.06,42.17,9.26,829.52,334.35,47.55
Baja California Sur,2009,134465,574000,234260,25.85,65.58,41.44,9.4,449.53,33.14,5.92
Campeche,2009,753909,755000,998555,87.28,11.21,61.16,8.51,26.17,57.97,7.68
Coahuila de Zaragoza,2009,647795,2681000,241624,49.41,42.06,43.37,9.47,381.21,243.15,10.37
Colima,2009,118472,656000,180598,28.52,62.13,53.64,8.95,134.86,171.14,9.3
Chiapas,2009,332433,4626000,71862,26.49,62.54,76.99,6.67,91.88,633.11,11.11
Chihuahua,2009,626310,3461000,180962,40.24,47.65,47.37,8.82,1424.71,423.48,106.07
Ciudad de México,2009,3008812,8732000,344573,13.25,80.2,48.68,10.54,5254.64,1002.86,11.21
Durango,2009,256633,1539000,166753,36.68,49.37,53.67,8.58,127.37,389.17,65.82
Guanajuato,2009,761826,5297000,143822,35.57,54.51,62.78,7.73,508.6,2019.55,9.27
Guerrero,2009,282203,3296000,85620,20.62,69.37,78.06,7.27,136.01,1246.35,56.28
Hidalgo,2009,354594,2503000,141668,45.91,45.97,74.09,8.1,111.46,780.93,5.83
Jalisco,2009,1315482,7534000,174606,29.16,58.32,56.1,8.78,1005.72,1760.2,9.01
México,2009,1656805,15432000,107362,30.68,60.13,57.4,9.1,1592.38,1766.03,12.05
Michoacán de Ocampo,2009,491327,4144000,118563,22.34,61.96,70.07,7.42,156.48,2214.13,22.59
Morelos,2009,222778,1729000,128848,30.9,59.54,66.35,8.9,121.69,569.14,14.98
Nayarit,2009,134903,1063000,126908,24.14,62.58,63.41,8.61,104.01,354.7,18.53
Nuevo León,2009,1411039,4661000,302733,40.96,51.53,41.54,9.81,952.56,304.23,7.36
Oaxaca,2009,385690,3741000,103098,36.27,54.63,81.63,6.94,235.93,1348.24,15.96
Puebla,2009,624405,6140000,101695,31.37,58.49,76.13,7.95,182.55,1427.54,5.85
Querétaro,2009,430538,1760000,244624,43.6,48.05,49.79,8.92,1131.61,373.99,5.06
Quintana Roo,2009,243054,1369000,177541,13.98,77.54,49.67,9.12,291.22,88.84,10.3
San Luis Potosí,2009,372395,2589000,143837,39.92,51.26,60.57,8.26,85.03,650.8,8.11
Sinaloa,2009,437071,2785000,156938,22.94,61.61,53.28,9.08,149.96,474.25,51.53
Sonora,2009,574218,2651000,216604,42.13,45.19,48.1,9.42,358.42,289.39,21.54
Tabasco,2009,523309,2116000,247310,63.27,32.33,64.58,8.64,90.37,118.81,8.18
Tamaulipas,2009,630179,3278000,192245,44.58,46.78,48.9,9.12,603.16,430.87,9.61
Tlaxcala,2009,114299,1124000,101690,29.95,60.05,74.13,8.78,72.19,268.76,7.21
Veracruz de Ignacio de la Llave,2009,996544,7401000,134650,35.36,54.65,66.36,7.67,518.41,1346.08,9.36
Yucatán,2009,272888,2093000,130381,24.8,66.86,63.56,8.22,79.88,114.15,1.77
Zacatecas,2009,180058,1470000,122488,31.99,50.61,67.29,7.9,301.52,595.33,8.91
Aguascalientes,2010,219913,1184000,185737,39.92,49.49,48.15,9.23,333.15,303.4,6.33
Baja California,2010,686066,3307000,207459,41.27,49.47,43.0,9.26,1414.82,359.18,46.21
Baja California Sur,2010,138669,593000,233843,23.12,68.33,42.64,9.4,517.75,34.83,9.27
Campeche,2010,730232,766000,953305,86.36,12.05,60.93,8.51,73.2,56.83,6.27
Coahuila de Zaragoza,2010,775119,2732000,283719,54.37,37.59,43.34,9.47,751.2,241.57,16.43
Colima,2010,125596,671000,187177,28.35,62.68,54.5,8.95,264.84,177.05,19.52
Chiapas,2010,355979,4692000,75869,28.32,61.42,77.44,6.67,157.68,593.0,4.24
Chihuahua,2010,647630,3511000,184457,38.56,49.31,45.43,8.82,1847.78,410.7,182.48
Ciudad de México,2010,3125717,8737000,357756,11.84,82.06,48.9,10.54,4064.56,1031.48,12.33
Durango,2010,261477,1549000,168804,35.97,51.13,55.11,8.58,414.06,391.32,71.59
Guanajuato,2010,812726,5387000,150868,35.86,54.59,61.75,7.73,399.27,2045.24,8.26
Guerrero,2010,290708,3322000,87510,20.0,70.5,78.24,7.27,139.55,1240.3,46.81
Hidalgo,2010,358637,2538000,141307,43.66,48.49,75.22,8.1,380.35,738.6,4.41
Jalisco,2010,1393675,7669000,181728,29.22,58.43,55.75,8.78,2210.3,1812.19,13.98
México,2010,1773210,15666000,113188,31.33,59.84,58.32,9.1,2028.38,1690.43,13.48
Michoacán de Ocampo,2010,502495,4174000,120387,23.3,62.17,70.14,7.42,158.2,2213.74,17.32
Morelos,2010,232495,1753000,132627,31.67,59.14,66.63,8.9,199.38,572.77,28.12
Nayarit,2010,137487,1082000,127067,22.4,65.07,64.45,8.61,178.13,348.28,49.82
Nuevo León,2010,1509564,4784000,315544,41.22,51.65,41.9,9.81,4850.89,293.15,19.88
Oaxaca,2010,379991,3771000,100767,35.72,55.96,81.11,6.94,117.57,1338.4,19.44
Puebla,2010,671261,6251000,107385,32.98,57.47,75.08,7.95,772.9,1415.46,6.02
Querétaro,2010,470415,1814000,259325,44.44,47.32,48.08,8.92,852.03,365.97,4.08
Quintana Roo,2010,255104,1430000,178394,11.49,80.18,50.29,9.12,296.7,89.6,10.14
San Luis Potosí,2010,393802,2623000,150134,39.82,51.58,59.42,8.26,473.49,649.73,13.95
Sinaloa,2010,441733,2813000,157033,23.48,62.69,53.06,9.08,217.62,485.4,86.14
Sonora,2010,595753,2694000,221141,41.24,46.26,47.97,9.42,1109.37,301.43,27.39
Tabasco,2010,548306,2154000,254552,63.43,32.51,65.42,8.64,141.26,114.94,8.96
Tamaulipas,2010,642629,3331000,192924,43.89,47.68,49.67,9.12,1035.88,415.27,28.07
Tlaxcala,2010,121829,1143000,106587,31.02,59.22,73.84,8.78,91.17,266.85,4.99
Veracruz de Ignacio de la Llave,2010,1029013,7444000,138234,34.76,55.8,65.33,7.67,1230.77,1277.41,6.19
Yucatán,2010,283033,2141000,132197,24.61,67.26,63.4,8.22,94.82,116.33,1.59
Zacatecas,2010,197187,1485000,132786,34.8,48.25,65.23,7.9,381.92,600.48,9.63
Aguascalientes,2011,230510,1216000,189564,39.85,49.56,48.02,9.33,236.81,316.32,6.74
Baja California,2011,698851,3367000,207559,40.3,50.7,43.38,9.36,766.32,409.71,24.03
Baja California Sur,2011,144956,617000,234937,23.24,68.64,41.87,9.5,711.28,37.85,6.81
Campeche,2011,711663,778000,914734,85.59,12.84,62.27,8.64,24.8,59.7,6.04
Coahuila de Zaragoza,2011,824838,2786000,296065,54.94,36.98,42.51,9.56,647.14,255.03,26.2
Colima,2011,133676,687000,194579,30.15,61.03,55.02,9.07,154.61,189.82,23.73
Chiapas,2011,361270,4760000,75897,27.45,62.69,77.51,6.79,92.81,614.24,3.91
Chihuahua,2011,662043,3536000,187229,37.8,50.14,44.99,8.95,1218.11,432.97,127.26
Ciudad de México,2011,3231440,8728000,370238,11.75,82.33,49.05,10.66,7507.6,1189.58,12.61
Durango,2011,273067,1558000,175268,37.05,51.11,53.97,8.69,228.62,430.22,68.23
Guanajuato,2011,854766,5483000,155894,36.3,54.47,62.58,7.86,1424.69,2226.19,11.22
Guerrero,2011,291758,3351000,87066,19.34,71.41,79.25,7.38,241.8,1303.5,72.1
Hidalgo,2011,366544,2577000,142237,43.4,49.33,75.23,8.22,265.53,787.59,8.19
Jalisco,2011,1433185,7801000,183718,29.18,59.09,54.87,8.87,1036.3,1957.65,19.6
México,2011,1852646,15891000,116585,31.33,60.29,57.24,9.19,2712.08,1712.49,16.51
Michoacán de Ocampo,2011,522287,4193000,124562,23.26,61.8,71.05,7.52,150.68,2318.3,20.39
Morelos,2011,241158,1772000,136094,31.58,59.59,65.52,8.98,102.46,605.96,25.73
Nayarit,2011,141215,1101000,128261,22.39,64.5,65.06,8.72,147.66,368.0,53.32
Nuevo León,2011,1558835,4919000,316901,40.86,52.38,41.52,9.9,1679.24,319.01,44.2
Oaxaca,2011,385968,3796000,101678,36.44,55.53,80.15,7.06,178.12,1474.08,17.97
Puebla,2011,707410,6357000,111280,33.47,57.44,74.68,8.06,594.45,1517.59,6.87
Querétaro,2011,509818,1874000,272048,44.77,47.26,48.49,9.05,1054.79,395.83,5.82
Quintana Roo,2011,268259,1495000,179437,11.68,80.22,50.31,9.22,504.6,95.08,10.9
San Luis Potosí,2011,416108,2660000,156432,41.24,50.67,58.92,8.37,268.26,723.71,13.68
Sinaloa,2011,452499,2843000,159163,23.04,64.05,53.12,9.18,230.94,528.52,70.0
Sonora,2011,648753,2737000,237031,44.02,44.5,47.08,9.54,304.14,337.56,19.8
Tabasco,2011,569066,2196000,259138,63.48,32.67,64.71,8.77,233.24,115.37,10.47
Tamaulipas,2011,647448,3387000,191157,42.15,49.89,51.65,9.2,842.87,459.85,31.8
Tlaxcala,2011,125891,1165000,108061,31.63,60.13,72.98,8.88,251.23,283.53,7.47
Veracruz de Ignacio de la Llave,2011,1047542,7454000,140534,34.06,56.72,67.14,7.78,1189.12,1314.59,13.42
Yucatán,2011,289261,2194000,131842,24.11,67.81,63.7,8.34,165.54,121.65,2.42
Zacatecas,2011,197227,1499000,131572,35.76,49.91,64.45,8.05,466.73,645.86,19.35
Aguascalientes,2012,242758,1248000,194518,40.48,49.0,49.65,9.43,355.21,345.23,3.61
Baja California,2012,726418,3428000,211907,40.71,50.37,44.74,9.46,1018.52,482.63,16.95
Baja California Sur,2012,147270,642000,229393,20.99,70.7,41.64,9.6,720.63,42.94,5.76
Campeche,2012,691262,789000,876124,84.82,13.59,62.32,8.76,209.67,57.72,10.14
Coahuila de Zaragoza,2012,870635,2840000,306562,55.75,36.44,43.39,9.64,539.37,294.32,40.85
Colima,2012,135600,703000,192888,29.32,62.92,54.88,9.18,60.46,186.97,37.7
Chiapas,2012,370237,4829000,76669,27.22,63.1,77.32,6.92,121.09,594.35,8.08
Chihuahua,2012,711481,3561000,199798,40.35,48.55,42.21,9.08,1186.89,484.51,77.84
Ciudad de México,2012,3332209,8720000,382134,11.92,82.34,49.52,10.77,1337.46,1051.48,12.45
Durango,2012,286058,1568000,182435,36.71,50.96,56.6,8.81,268.39,447.42,52.42
Guanajuato,2012,892379,5580000,159925,36.64,54.54,62.96,7.99,1321.19,2219.07,12.26
Guerrero,2012,294551,3380000,87145,19.37,71.72,79.75,7.48,164.28,1277.58,78.28
Hidalgo,2012,379811,2616000,145188,43.18,49.31,73.72,8.35,178.81,748.72,6.19
Jalisco,2012,1488617,7935000,187601,29.12,58.76,56.3,8.97,1415.26,1954.62,19.66
México,2012,1911402,16118000,118588,30.6,60.95,58.01,9.27,3119.58,1622.89,18.04
Michoacán de Ocampo,2012,531827,4212000,126265,23.03,62.04,70.54,7.62,335.97,2292.8,19.63
Morelos,2012,248100,1791000,138526,31.36,60.09,65.51,9.06,274.32,582.48,37.47
Nayarit,2012,142898,1120000,127588,23.36,63.68,65.7,8.83,157.26,352.39,25.45
Nuevo León,2012,1621930,5056000,320793,40.35,53.17,42.47,9.99,1281.12,352.91,36.23
Oaxaca,2012,386538,3821000,101161,35.42,56.59,80.06,7.17,353.7,1417.76,18.19
Puebla,2012,747712,6464000,115673,34.52,56.32,73.15,8.17,775.32,1456.31,7.19
Querétaro,2012,526761,1935000,272228,44.69,47.35,49.39,9.17,105.4,392.89,5.79
Quintana Roo,2012,280381,1560000,179731,10.61,81.42,50.74,9.32,583.7,96.85,9.87
San Luis Potosí,2012,437595,2697000,162253,42.94,48.95,58.38,8.48,880.32,766.7,16.83
Sinaloa,2012,466782,2873000,162472,20.2,65.74,54.33,9.28,432.5,520.17,48.56
Sonora,2012,681379,2781000,245012,44.06,44.38,46.87,9.65,1172.86,339.12,18.88
Tabasco,2012,595176,2238000,265941,63.48,32.65,63.21,8.91,325.47,115.46,8.71
Tamaulipas,2012,676616,3443000,196519,42.8,49.3,50.29,9.28,1051.42,503.87,45.34
Tlaxcala,2012,128975,1187000,108656,31.93,59.0,73.53,8.98,79.51,262.82,6.32
Veracruz de Ignacio de la Llave,2012,1084723,7464000,145327,34.89,56.11,68.17,7.88,1061.32,1220.36,13.65
Yucatán,2012,299649,2248000,133296,24.48,67.73,64.85,8.46,127.92,123.71,1.82
Zacatecas,2012,201298,1514000,132958,34.53,49.96,65.45,8.19,754.39,679.2,30.65
Aguascalientes,2013,251657,1281000,196454,41.52,48.25,48.83,9.53,69.14,316.8,3.51
Baja California,2013,733754,3489000,210305,40.23,50.73,41.9,9.56,1290.83,626.67,21.98
Baja California Sur,2013,145216,668000,217389,20.61,71.15,40.99,9.71,421.34,47.43,7.04
Campeche,2013,692550,801000,864607,84.39,14.03,61.67,8.89,278.42,56.93,8.86
Coahuila de Zaragoza,2013,864429,2895000,298594,54.91,37.17,40.35,9.73,1804.58,338.88,27.63
Colima,2013,133729,719000,185993,28.89,63.58,53.79,9.3,167.79,190.11,31.29
Chiapas,2013,360621,4898000,73626,24.17,65.68,78.17,7.04,182.41,520.48,10.04
Chihuahua,2013,732551,3586000,204281,40.24,48.07,38.83,9.21,2311.45,533.54,59.48
Ciudad de México,2013,3363394,8712000,386065,11.02,83.29,50.32,10.89,5835.45,1444.92,12.75
Durango,2013,299615,1577000,189990,38.16,49.79,56.91,8.92,482.49,475.87,29.99
Guanajuato,2013,931177,5678000,163997,38.31,52.69,61.41,8.12,2621.38,2080.27,12.36
Guerrero,2013,299721,3409000,87921,20.8,70.96,78.4,7.59,1088.17,1250.03,66.97
Hidalgo,2013,379720,2656000,142967,41.69,50.79,73.5,8.47,470.02,653.47,6.29
Jalisco,2013,1514073,8070000,187617,29.2,58.92,53.9,9.06,2937.92,1818.2,18.48
México,2013,1923372,16346000,117666,30.45,61.13,58.53,9.36,4608.44,1485.73,20.26
Michoacán de Ocampo,2013,533526,4231000,126099,21.69,63.12,71.88,7.73,2247.67,2124.3,21.79
Morelos,2013,258139,1810000,142618,31.45,59.77,67.2,9.14,451.16,533.45,34.75
Nayarit,2013,145073,1140000,127257,23.25,64.59,63.67,8.94,535.43,332.87,19.65
Nuevo León,2013,1611569,5194000,310275,39.6,54.04,39.24,10.09,2214.57,611.73,17.83
Oaxaca,2013,397816,3846000,103436,36.57,55.45,81.06,7.29,1942.55,1193.57,19.81
Puebla,2013,735648,6572000,111937,32.64,58.3,74.18,8.27,1504.51,1384.08,8.48
Querétaro,2013,522048,1997000,261416,42.99,49.09,45.21,9.3,926.6,425.96,5.96
Quintana Roo,2013,289182,1627000,177739,11.75,80.5,48.03,9.42,930.44,104.58,10.08
San Luis Potosí,2013,450257,2734000,164688,42.37,49.13,58.04,8.6,2008.13,732.96,11.05
Sinaloa,2013,465716,2903000,160426,19.18,66.93,50.75,9.38,605.43,521.03,42.03
Sonora,2013,709514,2825000,251155,44.47,44.64,45.06,9.77,2088.72,353.65,23.29
Tabasco,2013,597200,2280000,261930,62.37,33.87,63.47,9.04,323.94,121.52,10.79
Tamaulipas,2013,680107,3500000,194316,42.06,50.3,48.54,9.35,1734.48,732.78,25.14
Tlaxcala,2013,128121,1210000,105885,30.65,60.62,72.94,9.07,80.74,225.1,7.52
Veracruz de Ignacio de la Llave,2013,1074459,7474000,143760,35.23,55.62,67.12,7.99,1702.75,1065.77,10.24
Yucatán,2013,302445,2302000,131384,22.79,69.76,64.34,8.58,516.66,130.06,2.13
Zacatecas,2013,196164,1528000,128380,31.37,51.96,66.18,8.34,3973.16,657.28,28.21
Aguascalientes,2014,277675,1314000,211320,44.31,45.37,45.46,9.63,978.8,334.54,3.5
Baja California,2014,760857,3550000,214326,41.62,49.58,39.02,9.66,1223.34,629.9,20.2
Baja California Sur,2014,147614,694000,212700,19.69,71.68,40.63,9.81,228.7,48.07,13.26
Campeche,2014,685992,812000,844818,84.03,14.26,60.66,9.01,218.57,57.69,9.61
Coahuila de Zaragoza,2014,902863,2950000,306055,55.71,36.37,36.55,9.81,1625.46,404.93,15.9
Colima,2014,135091,735000,183797,28.44,64.56,53.94,9.41,195.64,223.87,19.05
Chiapas,2014,374691,4968000,75421,24.61,66.1,79.12,7.17,36.56,519.68,9.26
Chihuahua,2014,753195,3611000,208583,40.84,47.38,37.87,9.34,1936.58,565.72,48.6
Ciudad de México,2014,3412110,8704000,392016,10.64,83.76,50.07,11.0,6126.79,1558.8,12.63
Durango,2014,307940,1587000,194039,39.4,48.69,55.33,9.04,155.88,507.79,21.93
Guanajuato,2014,978989,5777000,169463,40.05,50.78,59.0,8.25,1317.89,2162.0,13.85
Guerrero,2014,320204,3438000,93137,23.31,68.27,79.46,7.69,479.41,1245.18,50.29
Hidalgo,2014,397901,2696000,147589,42.22,50.57,71.34,8.6,-66.07,744.62,7.79
Jalisco,2014,1567647,8207000,191013,29.44,58.1,52.04,9.16,1684.6,2020.28,12.65
México,2014,1966749,16575000,118658,29.62,62.35,58.7,9.44,3581.43,1512.02,17.54
Michoacán de Ocampo,2014,560341,4250000,131845,21.7,62.56,71.46,7.83,211.48,2320.11,21.93
Morelos,2014,259666,1829000,141972,31.82,59.55,66.18,9.22,356.52,545.38,23.95
Nayarit,2014,145894,1160000,125771,23.87,65.05,62.66,9.05,105.8,373.71,15.0
Nuevo León,2014,1666975,5333000,312577,39.93,53.7,37.2,10.18,1578.84,629.57,10.76
Oaxaca,2014,395065,3871000,102058,35.94,56.18,79.57,7.4,482.8,1256.68,19.25
Puebla,2014,747337,6681000,111860,33.24,57.88,72.08,8.38,1057.16,1384.83,8.5
Querétaro,2014,542149,2060000,263179,43.12,48.84,44.76,9.42,1128.73,410.16,5.15
Quintana Roo,2014,300006,1695000,176995,12.78,79.57,46.96,9.52,223.94,108.65,7.37
San Luis Potosí,2014,460034,2771000,166017,42.22,48.93,57.77,8.71,1064.82,795.31,9.71
Sinaloa,2014,465691,2934000,158722,18.5,67.77,49.75,9.48,399.99,532.11,39.4
Sonora,2014,721989,2869000,251652,44.66,44.63,43.74,9.88,815.33,348.45,23.32
Tabasco,2014,594889,2323000,256087,61.74,34.52,63.09,9.18,241.66,135.43,10.12
Tamaulipas,2014,687653,3558000,193270,41.62,50.14,46.31,9.43,723.9,858.84,25.66
Tlaxcala,2014,130496,1232000,105922,31.22,59.61,72.84,9.17,120.71,226.33,7.14
Veracruz de Ignacio de la Llave,2014,1074852,7484000,143620,34.25,56.59,68.33,8.09,1271.25,1083.44,11.8
Yucatán,2014,312686,2356000,132719,23.33,69.21,62.57,8.7,86.09,133.58,1.99
Zacatecas,2014,211201,1543000,136877,34.3,49.21,64.79,8.48,758.91,724.19,12.9
Aguascalientes,2015,294497,1347000,218632,44.43,45.26,43.74,9.73,812.58,357.1,3.34
Baja California,2015,795081,3611000,220183,42.81,48.36,39.63,9.76,1167.28,673.48,23.65
Baja California Sur,2015,156072,721000,216466,21.26,69.95,39.99,9.91,352.01,52.37,24.97
Campeche,2015,700311,824000,849892,83.15,14.23,61.34,9.14,543.01,58.16,8.13
Coahuila de Zaragoza,2015,897702,3005000,298736,54.74,37.43,35.38,9.9,1367.22,411.92,10.42
Colima,2015,141029,751000,187788,29.32,63.75,53.77,9.53,165.32,234.78,30.23
Chiapas,2015,364001,5039000,72237,22.72,67.27,79.03,7.29,270.08,593.23,10.7
Chihuahua,2015,803883,3636000,221090,42.13,46.04,36.77,9.47,2524.52,662.82,42.35
Ciudad de México,2015,3503520,8697000,402842,9.67,84.64,50.42,11.12,5909.21,1094.2,12.42
Durango,2015,300289,1597000,188033,37.39,50.53,56.07,9.15,231.1,610.44,12.4
Guanajuato,2015,1026150,5877000,174604,40.93,49.86,57.53,8.38,1752.81,2257.76,16.51
Guerrero,2015,314104,3467000,90598,20.61,71.24,80.62,7.8,164.13,1313.13,69.92
Hidalgo,2015,413909,2737000,151227,42.26,50.61,71.9,8.72,523.73,748.3,8.51
Jalisco,2015,1626751,8344000,194961,30.21,57.64,50.09,9.25,3138.4,2226.07,14.74
México,2015,2007572,16805000,119463,29.78,62.66,59.62,9.53,2959.76,1602.5,16.02
Michoacán de Ocampo,2015,573506,4269000,134342,21.47,62.73,70.66,7.93,419.03,2550.93,20.47
Morelos,2015,265751,1849000,143727,31.51,59.83,66.98,9.3,485.93,589.68,25.37
Nayarit,2015,147429,1180000,124940,21.72,66.98,62.08,9.16,99.04,402.34,12.2
Nuevo León,2015,1728164,5474000,315704,39.83,53.64,37.01,10.27,3362.49,653.89,8.64
Oaxaca,2015,401404,3896000,103030,34.6,57.46,80.36,7.52,297.2,1299.08,20.74
Puebla,2015,765650,6791000,112745,33.89,56.91,73.59,8.49,791.46,1373.48,9.31
Querétaro,2015,574578,2124000,270517,43.49,48.34,45.15,9.55,1442.47,469.91,6.59
Quintana Roo,2015,318608,1764000,180617,11.88,80.21,46.54,9.62,325.28,124.25,8.22
San Luis Potosí,2015,480025,2809000,170888,43.15,48.03,57.56,8.82,1899.06,869.76,9.47
Sinaloa,2015,485181,2964000,163691,18.26,66.81,50.7,9.58,428.67,540.97,37.04
Sonora,2015,760031,2914000,260821,45.47,43.54,44.43,10.0,609.95,409.09,20.08
Tabasco,2015,553280,2366000,233846,57.65,37.95,63.78,9.31,737.49,185.67,15.72
Tamaulipas,2015,712997,3616000,197178,41.96,50.04,46.47,9.51,1103.24,694.15,18.86
Tlaxcala,2015,137054,1255000,109206,32.75,57.83,72.09,9.27,152.52,305.66,6.37
Veracruz de Ignacio de la Llave,2015,1082922,7494000,144505,33.02,57.42,68.76,8.2,1589.12,1091.37,13.42
Yucatán,2015,322098,2411000,133595,23.72,68.78,62.14,8.82,213.49,143.53,2.41
Zacatecas,2015,214605,1557000,137832,33.49,49.75,64.7,8.63,107.58,776.49,21.64
Aguascalientes,2016,307396,1382000,222428,44.29,45.53,43.89,9.85,594.88,405.7,3.33
Baja California,2016,828692,3681000,225127,42.53,48.88,39.54,9.85,1567.13,683.56,31.3
Baja California Sur,2016,163095,750000,217460,20.72,70.41,38.61,10.0,510.79,56.12,31.73
Campeche,2016,663239,835000,794298,83.08,14.23,61.98,9.24,142.17,67.01,11.14
Coahuila de Zaragoza,2016,901719,3062000,294487,54.14,37.99,37.05,10.01,1209.59,430.93,8.39
Colima,2016,140705,767000,183449,27.64,64.9,52.59,9.63,-24.22,257.96,79.92
Chiapas,2016,369919,5110000,72391,22.62,67.29,79.63,7.39,139.79,593.04,10.8
Chihuahua,2016,830489,3666000,226538,42.3,46.47,34.68,9.58,1986.07,715.53,48.77
Ciudad de México,2016,3571368,8696000,410691,9.73,84.59,47.94,11.19,6750.16,1435.33,14.71
Durango,2016,305382,1606000,190151,36.2,51.53,53.06,9.27,275.94,621.16,13.33
Guanajuato,2016,1064743,5977000,178140,41.86,48.93,55.75,8.51,1332.59,2459.62,20.61
Guerrero,2016,313422,3493000,89729,20.43,71.01,78.91,7.91,180.67,1406.41,74.26
Hidalgo,2016,418466,2776000,150744,40.59,52.33,72.51,8.85,444.57,785.21,7.89
Jalisco,2016,1676419,8479000,197714,29.55,58.54,50.2,9.38,2102.27,2581.18,15.33
México,2016,2058753,17027000,120911,29.1,63.29,57.54,9.64,2407.82,1650.22,16.26
Michoacán de Ocampo,2016,591410,4283000,138083,20.39,62.34,71.49,8.06,193.92,2821.46,33.34
Morelos,2016,274365,1865000,147113,31.51,59.73,67.77,9.41,234.87,597.77,35.34
Nayarit,2016,152586,1199000,127261,21.44,66.87,62.76,9.27,85.58,448.36,12.43
Nuevo León,2016,1743961,5621000,310258,38.53,54.77,36.59,10.36,3348.86,664.18,11.15
Oaxaca,2016,399768,3919000,102008,34.04,57.68,81.97,7.64,195.53,1460.94,20.31
Puebla,2016,781511,6905000,113180,33.95,56.98,73.65,8.62,1166.54,1501.13,10.64
Querétaro,2016,576735,2189000,263470,42.55,49.32,43.45,9.74,1075.47,534.74,6.26
Quintana Roo,2016,339733,1838000,184838,11.81,80.16,46.81,9.74,296.51,133.38,10.5
San Luis Potosí,2016,505856,2847000,177680,44.87,46.19,57.62,8.98,814.93,986.27,11.66
Sinaloa,2016,507492,2993000,169560,18.89,66.01,50.76,9.71,434.87,637.71,43.53
Sonora,2016,792034,2958000,267760,46.16,43.06,44.19,10.08,506.39,422.62,19.61
Tabasco,2016,532829,2407000,221366,57.08,38.45,65.64,9.39,112.75,158.59,17.91
Tamaulipas,2016,709960,3673000,193292,40.36,51.39,47.35,9.63,1149.5,669.89,21.97
Tlaxcala,2016,139168,1277000,108980,33.01,57.69,72.66,9.38,253.12,239.85,7.52
Veracruz de Ignacio de la Llave,2016,1059514,7513000,141024,31.99,58.48,69.66,8.31,1045.51,1155.79,17.21
Yucatán,2016,336108,2469000,136131,24.89,67.74,62.4,8.97,125.14,146.44,2.59
Zacatecas,2016,216655,1572000,137821,33.42,50.02,62.45,8.75,532.62,903.05,37.15
Aguascalientes,2017,314242,1418000,221609,44.57,45.29,43.44,9.98,1576.34,444.72,5.92
Baja California,2017,863601,3751000,230232,42.84,48.55,39.07,9.94,1679.27,764.64,57.82
Baja California Sur,2017,170784,780000,218954,21.2,70.16,39.58,10.08,568.94,67.96,96.28
Campeche,2017,595667,847000,703267,81.66,15.58,63.59,9.34,328.35,77.44,9.21
Coahuila de Zaragoza,2017,941582,3119000,301886,54.86,37.35,36.97,10.11,2672.54,535.43,8.82
Colima,2017,150360,783000,192031,28.96,63.81,51.24,9.74,132.22,311.52,110.73
Chiapas,2017,359734,5182000,69420,21.0,68.91,79.69,7.49,217.09,668.28,11.4
Chihuahua,2017,851284,3695000,230388,42.28,46.04,35.56,9.68,1825.31,828.5,60.84
Ciudad de México,2017,3646318,8695000,419358,9.25,85.02,47.82,11.26,5123.85,1330.21,15.18
Durango,2017,304647,1615000,188636,36.45,51.28,53.6,9.39,131.11,736.76,12.38
Guanajuato,2017,1115371,6079000,183479,41.82,48.96,56.01,8.64,1677.92,2806.23,37.59
Guerrero,2017,308568,3518000,87711,19.01,72.39,78.67,8.03,410.41,1535.04,74.96
Hidalgo,2017,416409,2815000,147925,39.32,53.62,73.92,8.98,349.36,858.92,11.15
Jalisco,2017,1708140,8617000,198229,29.67,58.47,50.51,9.51,1552.89,2917.94,18.41
México,2017,2166132,17251000,125566,30.07,62.49,57.03,9.75,3761.43,1814.48,17.83
Michoacán de Ocampo,2017,610394,4296000,142084,19.8,62.47,69.59,8.2,294.69,3123.36,40.32
Morelos,2017,277403,1881000,147476,31.96,59.32,66.66,9.52,603.07,661.63,34.77
Nayarit,2017,155110,1219000,127244,20.27,68.0,62.76,9.39,103.15,508.46,38.88
Nuevo León,2017,1809344,5770000,313578,38.42,54.92,36.0,10.46,1996.24,883.68,11.51
Oaxaca,2017,358236,3942000,90877,26.44,64.74,81.46,7.76,484.81,1580.44,25.82
Puebla,2017,835369,7020000,118998,36.42,54.57,73.67,8.76,953.57,1661.81,15.43
Querétaro,2017,591415,2256000,262152,42.85,49.02,46.0,9.92,986.0,607.59,9.66
Quintana Roo,2017,357117,1913000,186679,10.59,81.41,46.82,9.87,479.35,150.31,23.78
San Luis Potosí,2017,540244,2885000,187260,46.63,44.34,54.83,9.14,1405.86,1156.7,17.57
Sinaloa,2017,518703,3022000,171642,18.9,66.59,49.87,9.84,761.57,739.55,54.27
Sonora,2017,784601,3003000,261272,45.63,43.17,43.92,10.16,368.13,459.61,25.34
Tabasco,2017,502351,2449000,205125,55.26,39.95,67.86,9.46,400.38,169.67,18.37
Tamaulipas,2017,709150,3731000,190070,39.36,52.5,45.94,9.74,1543.21,740.58,32.27
Tlaxcala,2017,143920,1300000,110708,34.59,56.29,71.32,9.49,168.05,257.11,9.69
Veracruz de Ignacio de la Llave,2017,1032744,7533000,137096,29.6,60.56,69.31,8.42,914.92,1324.26,24.57
Yucatán,2017,349599,2527000,138345,25.85,66.79,61.95,9.13,114.17,184.62,2.06
Zacatecas,2017,220568,1587000,138984,33.41,50.44,61.48,8.88,457.64,1035.46,44.68
Aguascalientes,2018,327926,1454000,225534,44.44,45.57,42.88,10.1,1196.98,486.17,5.64
Baja California,2018,878817,3822000,229936,42.12,49.22,39.44,10.02,1631.15,875.12,76.19
Baja California Sur,2018,184618,811000,227642,24.04,67.52,37.93,10.17,443.06,79.65,24.66
Campeche,2018,564591,859000,657265,80.89,16.33,62.57,9.43,123.49,81.73,9.2
Coahuila de Zaragoza,2018,966055,3177000,304078,54.64,37.49,35.31,10.22,3290.19,605.67,7.68
Colima,2018,153808,799000,192501,26.23,66.39,49.27,9.84,90.7,331.04,93.49
Chiapas,2018,353600,5255000,67288,19.39,70.27,79.05,7.58,70.22,844.96,12.6
Chihuahua,2018,853323,3725000,229080,41.14,47.11,36.24,9.79,1241.94,995.33,79.95
Ciudad de México,2018,3694575,8693000,425006,8.92,85.31,49.02,11.34,5844.92,1466.62,16.9
Durango,2018,308981,1624000,190259,36.64,51.31,51.66,9.51,391.06,833.78,10.96
Guanajuato,2018,1120603,6182000,181269,39.31,51.48,53.67,8.78,2469.8,3108.65,56.89
Guerrero,2018,317845,3544000,89685,18.95,72.45,77.97,8.14,402.17,1669.35,66.79
Hidalgo,2018,418630,2854000,146682,37.05,55.63,74.5,9.11,186.48,932.48,11.91
Jalisco,2018,1754180,8756000,200340,28.67,59.41,49.74,9.64,1016.62,3348.12,33.44
México,2018,2243798,17476000,128393,29.32,63.5,57.88,9.86,2333.83,1967.91,18.14
Michoacán de Ocampo,2018,633757,4309000,147078,18.88,63.53,69.24,8.33,437.06,3503.31,48.18
Morelos,2018,273245,1897000,144041,29.49,61.66,67.36,9.62,251.87,695.9,43.38
Nayarit,2018,155758,1238000,125814,18.97,69.52,62.71,9.5,188.57,561.29,32.07
Nuevo León,2018,1909026,5921000,322416,39.91,53.34,36.58,10.55,3675.82,951.66,14.36
Oaxaca,2018,383160,3965000,96636,28.82,62.45,81.09,7.88,487.82,1789.95,28.45
Puebla,2018,849556,7136000,119052,35.56,55.52,72.72,8.89,643.93,1756.87,17.5
Querétaro,2018,611368,2324000,263067,42.59,49.26,43.45,10.11,1227.65,675.25,9.85
Quintana Roo,2018,377341,1989000,189714,10.66,81.42,46.28,9.99,591.48,171.17,42.28
San Luis Potosí,2018,557796,2923000,190830,46.57,44.34,54.93,9.29,1766.43,1273.46,19.26
Sinaloa,2018,527714,3051000,172964,19.8,65.41,49.84,9.96,414.96,829.45,39.79
Sonora,2018,782098,3048000,256594,44.54,44.02,43.22,10.24,155.1,545.48,30.71
Tabasco,2018,471565,2491000,189308,51.99,42.96,66.77,9.54,530.29,214.56,22.84
Tamaulipas,2018,732094,3790000,193165,40.68,51.5,44.26,9.86,1514.46,815.0,37.92
Tlaxcala,2018,147753,1323000,111680,34.91,56.0,72.06,9.61,143.06,263.69,11.49
Veracruz de Ignacio de la Llave,2018,1029905,7553000,136357,29.17,60.78,68.45,8.53,962.07,1425.5,20.07
Yucatán,2018,364798,2586000,141067,25.31,67.02,61.98,9.28,86.01,206.96,2.28
Zacatecas,2018,228388,1602000,142564,34.1,49.06,60.99,9.0,301.74,1129.05,48.25
Aguascalientes,2019,329358,1490000,221046,44.05,45.9,41.1,10.23,452.12,517.59,8.05
Baja California,2019,893946,3894000,229570,43.18,48.03,37.59,10.11,1183.73,936.0,72.5
Baja California Sur,2019,177861,843000,210986,20.47,70.9,37.72,10.25,464.97,88.78,12.34
Campeche,2019,541963,871000,622231,79.96,17.16,62.03,9.53,151.87,91.22,9.53
Coahuila de Zaragoza,2019,953384,3235000,294709,53.76,38.25,33.84,10.32,1492.11,657.47,9.46
Colima,2019,161110,815000,197681,30.29,62.64,51.06,9.95,41.37,311.94,101.84
Chiapas,2019,348914,5329000,65475,17.08,72.24,74.88,7.68,256.65,1034.75,11.62
Chihuahua,2019,866861,3755000,230855,41.98,46.67,36.38,9.89,1406.99,1147.36,78.19
Ciudad de México,2019,3679917,8691000,423417,8.77,85.45,49.42,11.41,8779.15,1761.61,14.97
Durango,2019,309426,1634000,189367,37.32,50.71,50.82,9.63,178.53,903.9,10.71
Guanajuato,2019,1099063,6286000,174843,37.99,52.74,53.75,8.91,796.04,3388.21,63.94
Guerrero,2019,317147,3570000,88837,18.44,72.97,78.89,8.26,275.54,1804.77,54.26
Hidalgo,2019,409266,2893000,141468,35.94,56.46,73.63,9.24,283.87,988.84,16.56
Jalisco,2019,1767123,8897000,198620,28.35,59.41,48.89,9.77,1571.69,3570.1,28.38
México,2019,2209647,17702000,124825,27.99,64.87,58.08,9.97,2933.08,2109.42,18.31
Michoacán de Ocampo,2019,635628,4322000,147068,18.68,63.74,69.05,8.47,298.01,3718.83,56.96
Morelos,2019,269686,1913000,140975,28.5,62.65,67.88,9.73,655.62,729.61,55.36
Nayarit,2019,157163,1258000,124931,18.69,69.01,62.9,9.62,170.4,599.4,17.33
Nuevo León,2019,1918825,6074000,315908,39.81,53.35,38.02,10.65,3274.64,975.3,16.25
Oaxaca,2019,367364,3988000,92117,25.61,65.22,81.4,8.0,56.62,1873.85,29.19
Puebla,2019,856911,7253000,118146,36.2,54.97,72.35,9.03,2043.99,1830.7,17.57
Querétaro,2019,609108,2392000,254644,42.45,49.38,40.85,10.29,1169.08,725.95,9.36
Quintana Roo,2019,376757,2065000,182449,11.27,81.06,46.12,10.12,664.14,191.79,36.32
San Luis Potosí,2019,534392,2961000,180477,44.71,46.19,55.4,9.45,853.83,1381.1,17.63
Sinaloa,2019,522342,3080000,169592,18.51,66.1,50.75,10.09,262.59,946.91,36.79
Sonora,2019,783103,3093000,253186,44.62,43.76,42.84,10.32,449.64,607.91,44.75
Tabasco,2019,445871,2533000,176025,49.18,45.63,65.33,9.61,490.59,258.52,27.28
Tamaulipas,2019,752814,3849000,195587,42.05,50.24,44.18,9.97,1630.12,894.37,22.94
Tlaxcala,2019,147877,1346000,109864,34.62,56.22,71.69,9.72,345.72,263.73,14.04
Veracruz de Ignacio de la Llave,2019,1053328,7573000,139090,29.85,60.16,68.27,8.64,1080.61,1553.1,19.71
Yucatán,2019,365826,2645000,138309,25.76,66.5,60.72,9.44,159.95,227.52,1.74
Zacatecas,2019,219747,1617000,135898,32.25,51.54,60.45,9.13,746.49,1159.93,42.24
Aguascalientes,2020,307126,1425000,215527,44.02,45.87,39.77,10.35,743.66,556.63,6.53
Baja California,2020,839693,3769000,222789,44.0,47.68,37.4,10.2,1195.39,1215.59,78.72
Baja California Sur,2020,151931,799000,190151,19.61,71.56,37.29,10.34,617.41,111.11,9.76
Campeche,2020,500515,820000,610384,80.31,17.38,59.95,9.63,199.06,119.09,9.27
Coahuila de Zaragoza,2020,843598,3073000,274519,52.08,39.64,35.56,10.43,852.11,734.53,7.88
Colima,2020,148143,771000,192144,28.79,63.48,50.36,10.05,92.07,359.39,90.01
Chiapas,2020,337240,5106000,66048,17.85,71.49,75.03,7.78,133.14,1181.09,10.5
Chihuahua,2020,808711,3556000,227422,41.79,46.8,35.7,10.0,641.06,1284.1,97.53
Ciudad de México,2020,3293855,8231000,400177,8.59,85.85,46.05,11.48,6997.35,2194.25,16.28
Durango,2020,286241,1550000,184672,36.9,50.72,50.93,9.75,496.54,987.22,10.84
Guanajuato,2020,1019446,5991000,170163,38.07,52.6,54.4,9.04,199.33,3552.55,89.63
Guerrero,2020,289968,3393000,85461,18.35,72.39,77.71,8.37,296.87,2006.71,44.41
Hidalgo,2020,364940,2752000,132609,34.07,57.96,72.94,9.37,278.72,1057.0,13.3
Jalisco,2020,1624209,8449000,192237,28.25,59.41,48.39,9.9,2133.99,4229.7,26.52
México,2020,2035392,16764000,121414,27.64,65.37,55.89,10.08,2385.28,2495.26,18.43
Michoacán de Ocampo,2020,601189,4112000,146204,19.24,62.69,65.9,8.6,272.8,4185.99,58.37
Morelos,2020,244989,1817000,134832,27.58,63.36,65.84,9.84,386.68,782.07,54.38
Nayarit,2020,142605,1187000,120139,17.7,69.49,56.73,9.73,782.99,694.29,15.59
Nuevo León,2020,1743166,5784000,301377,38.83,54.72,36.79,10.74,3104.23,1044.53,15.89
Oaxaca,2020,350911,3797000,92418,27.16,63.53,78.03,8.12,244.32,1961.1,23.04
Puebla,2020,767210,6904000,111125,34.08,56.88,71.46,9.16,583.04,1933.62,14.93
Querétaro,2020,553614,2273000,243561,40.78,50.95,41.83,10.48,880.31,824.4,9.99
Quintana Roo,2020,292733,1953000,149889,11.43,81.79,47.73,10.24,160.85,247.23,32.16
San Luis Potosí,2020,500251,2823000,177205,43.97,46.65,54.15,9.61,917.14,1470.9,28.44
Sinaloa,2020,484353,2934000,165083,18.62,66.01,46.95,10.22,743.91,1071.93,29.52
Sonora,2020,731238,2944000,248382,44.67,43.66,43.37,10.4,587.56,728.62,53.74
Tabasco,2020,464761,2402000,193489,54.15,41.25,63.7,9.69,464.95,288.76,24.35
Tamaulipas,2020,691400,3643000,189789,40.89,51.41,43.41,10.09,707.7,972.56,21.96
Tlaxcala,2020,135083,1272000,106197,33.34,57.63,71.02,9.83,367.52,252.4,12.11
Veracruz de Ignacio de la Llave,2020,971252,7230000,134336,28.69,60.75,67.57,8.75,1000.7,1667.44,16.31
Yucatán,2020,333528,2496000,133625,25.11,67.07,57.58,9.59,154.13,251.74,2.88
Zacatecas,2020,210643,1546000,136250,31.92,50.72,61.12,9.25,-405.53,1242.13,80.47
Aguascalientes,2021,315233,1475000,213717,43.02,46.71,39.95,10.35,67.18,710.99,6.98
Baja California,2021,896314,3912000,229119,43.65,47.85,38.22,10.2,2222.16,1375.94,83.03
Baja California Sur,2021,171065,833000,205360,16.48,73.78,37.22,10.34,1089.5,127.97,9.24
Campeche,2021,489604,844000,580100,78.05,18.71,62.82,9.63,218.42,150.91,12.68
Coahuila de Zaragoza,2021,921587,3181000,289716,54.44,37.29,35.99,10.43,1039.08,924.6,5.38
Colima,2021,147667,800000,184584,23.42,68.12,48.64,10.05,91.36,444.47,75.88
Chiapas,2021,353639,5264000,67181,18.11,71.24,75.56,7.78,157.04,1935.53,10.79
Chihuahua,2021,846064,3691000,229224,42.08,46.55,36.2,10.0,1920.13,1597.45,74.21
Ciudad de México,2021,3496056,8520000,410335,8.95,85.34,47.71,11.48,7177.79,3000.28,12.63
Durango,2021,303251,1600000,189532,36.58,50.42,52.05,9.75,461.84,1272.64,8.94
Guanajuato,2021,1084518,6189000,175233,38.4,51.92,55.56,9.04,1798.08,4380.32,70.01
Guerrero,2021,303633,3503000,86678,16.87,73.74,77.16,8.37,669.33,2682.05,41.91
Hidalgo,2021,391962,2836000,138209,34.99,57.04,72.41,9.37,176.27,1325.4,10.12
Jalisco,2021,1712483,8738000,195981,28.08,59.65,47.6,9.9,2143.48,5285.62,26.02
México,2021,2163538,17384000,124456,27.76,65.14,56.67,10.08,1535.54,3216.04,17.94
Michoacán de Ocampo,2021,629066,4247000,148120,17.26,64.23,65.7,8.6,1033.73,5094.21,63.48
Morelos,2021,259939,1881000,138192,28.54,62.4,66.8,9.84,94.77,1029.71,63.74
Nayarit,2021,155969,1233000,126496,19.95,67.84,57.9,9.73,302.87,870.45,18.0
Nuevo León,2021,1865875,5978000,312124,39.72,53.64,36.62,10.74,3416.87,1330.26,17.9
Oaxaca,2021,385418,3929000,98096,29.85,61.18,80.73,8.12,-93.91,2460.86,20.01
Puebla,2021,794876,7125000,111562,33.81,57.02,71.8,9.16,627.8,2184.61,11.89
Querétaro,2021,578175,2349000,246137,41.16,50.36,43.04,10.48,944.22,1028.7,9.83
Quintana Roo,2021,332542,2045000,162612,8.62,83.53,48.1,10.24,471.43,315.99,33.11
San Luis Potosí,2021,516191,2917000,176960,42.98,47.19,55.66,9.61,717.33,1758.3,27.32
Sinaloa,2021,507429,3042000,166808,18.04,67.0,47.95,10.22,543.72,1186.79,20.87
Sonora,2021,760930,3056000,248995,44.38,43.82,41.47,10.4,985.21,883.05,68.36
Tabasco,2021,545416,2474000,220459,58.26,37.17,64.89,9.69,300.41,440.05,18.31
Tamaulipas,2021,725030,3776000,192010,40.94,51.47,45.05,10.09,1273.7,1151.76,19.57
Tlaxcala,2021,143213,1318000,108659,33.98,56.86,71.56,9.83,60.46,324.34,12.14
Veracruz de Ignacio de la Llave,2021,1027896,7481000,137401,28.86,60.52,70.67,8.75,935.35,2079.43,12.67
Yucatán,2021,358660,2582000,138908,24.89,67.04,60.79,9.59,145.68,341.89,2.13
Zacatecas,2021,221592,1590000,139366,32.88,49.99,61.3,9.25,1320.21,1611.97,111.7
Aguascalientes,2022,314602,1524000,206432,41.73,48.04,40.47,10.35,598.32,860.16,5.77
Baja California,2022,919300,4053000,226820,42.91,48.14,37.74,10.2,1877.02,1390.79,72.17
Baja California Sur,2022,178130,868000,205219,16.08,74.2,38.31,10.34,834.29,204.18,10.37
Campeche,2022,472680,868000,544562,77.49,19.39,61.81,9.63,40.24,160.52,12.67
Coahuila de Zaragoza,2022,935841,3289000,284537,54.79,36.87,34.57,10.43,879.94,1061.19,5.17
Colima,2022,148438,828000,179273,20.55,70.1,48.37,10.05,95.07,467.83,107.13
Chiapas,2022,374518,5423000,69061,20.05,69.68,75.72,7.78,186.74,3190.71,9.28
Chihuahua,2022,911271,3826000,238179,43.01,45.33,36.31,10.0,1868.61,1625.93,56.38
Ciudad de México,2022,3650378,8810000,414345,9.67,84.37,46.93,11.48,11066.53,3184.2,8.48
Durango,2022,300478,1650000,182108,35.76,51.12,51.06,9.75,565.55,1361.77,7.7
Guanajuato,2022,1110919,6388000,173907,38.64,51.71,55.49,9.04,1559.02,5053.89,67.77
Guerrero,2022,310106,3613000,85831,16.11,74.65,79.02,8.37,246.17,2990.07,38.86
Hidalgo,2022,431252,2921000,147638,37.98,54.25,72.55,9.37,412.74,1692.52,13.35
Jalisco,2022,1797547,9027000,199130,28.76,58.86,46.75,9.9,2982.56,5389.01,20.64
México,2022,2218453,18005000,123213,27.18,65.79,56.48,10.08,2294.64,3554.6,18.09
Michoacán de Ocampo,2022,652067,4383000,148772,17.19,64.6,66.92,8.6,166.86,5340.89,53.14
Morelos,2022,260119,1946000,133669,28.38,62.82,64.88,9.84,81.13,1111.14,60.38
Nayarit,2022,162601,1280000,127032,18.75,68.8,59.52,9.73,474.95,868.45,15.31
Nuevo León,2022,1928658,6173000,312434,39.84,53.36,36.63,10.74,4415.44,1454.55,22.84
Oaxaca,2022,415503,4062000,102290,31.8,59.54,81.2,8.12,158.15,2937.94,19.82
Puebla,2022,825803,7347000,112400,34.34,56.68,71.16,9.16,798.5,2773.77,14.82
Querétaro,2022,589221,2426000,242878,41.39,50.08,42.77,10.48,719.43,1203.48,7.91
Quintana Roo,2022,356728,2137000,166929,8.86,82.85,46.58,10.24,459.92,391.79,30.28
San Luis Potosí,2022,532793,3011000,176949,44.32,46.04,54.48,9.61,324.2,2002.2,25.21
Sinaloa,2022,516319,3154000,163703,18.32,66.64,47.95,10.22,871.84,1216.99,18.61
Sonora,2022,790044,3169000,249304,45.15,42.56,41.37,10.4,605.9,910.54,55.51
Tabasco,2022,637775,2546000,250501,63.25,32.66,63.7,9.69,27.26,432.0,13.9
Tamaulipas,2022,748873,3909000,191577,40.61,51.49,44.84,10.09,976.95,1140.62,12.33
Tlaxcala,2022,146642,1365000,107430,34.4,56.46,71.57,9.83,275.03,387.86,11.36
Veracruz de Ignacio de la Llave,2022,1041978,7732000,134762,27.88,61.51,67.65,8.75,0.01,2367.44,10.18
Yucatán,2022,369043,2668000,138322,24.38,67.46,60.79,9.59,547.75,396.64,2.06
Zacatecas,2022,225013,1634000,137707,34.16,49.39,61.52,9.25,8.7,1744.12,89.29
Aguascalientes,2023,334315,1573000,212533,42.96,46.66,40.61,10.35,1080.26,938.87,7.25
Baja California,2023,947958,4195000,225973,43.41,47.47,37.59,10.2,1412.21,1447.33,63.24
Baja California Sur,2023,180788,904000,199987,15.78,74.54,37.69,10.34,1162.09,178.27,5.53
Campeche,2023,508515,892000,570084,78.23,18.58,60.64,9.63,98.61,173.7,12.89
Coahuila de Zaragoza,2023,927968,3397000,273173,52.67,38.58,34.74,10.43,924.44,1051.84,3.86
Colima,2023,153355,857000,178944,21.71,69.56,48.81,10.05,57.17,479.48,104.43
Chiapas,2023,379626,5582000,68009,18.95,70.65,74.61,7.78,31.98,4367.29,11.32
Chihuahua,2023,940101,3962000,237279,43.31,45.07,34.92,10.0,1963.12,1591.88,63.53
Ciudad de México,2023,3805614,9099000,418245,9.19,84.87,46.19,11.48,11385.43,3867.94,8.24
Durango,2023,309199,1700000,181882,36.3,51.12,51.07,9.75,396.17,1391.04,5.41
Guanajuato,2023,1125731,6587000,170902,37.95,52.38,53.93,9.04,677.58,5414.47,58.63
Guerrero,2023,310655,3723000,83442,15.84,75.04,78.24,8.37,-195.94,3181.97,46.82
Hidalgo,2023,441544,3006000,146888,37.55,54.79,71.91,9.37,346.43,1754.78,13.21
Jalisco,2023,1849621,9317000,198521,28.77,59.04,47.12,9.9,1911.2,5355.89,19.04
México,2023,2266285,18625000,121680,26.16,66.89,56.05,10.08,1929.13,4353.76,15.8
Michoacán de Ocampo,2023,676493,4518000,149733,17.2,63.72,67.07,8.6,161.95,5409.58,41.74
Morelos,2023,267785,2011000,133160,27.73,63.6,65.38,9.84,195.25,1149.07,77.42
Nayarit,2023,162090,1327000,122148,18.39,69.38,59.11,9.73,345.89,874.83,11.3
Nuevo León,2023,1991520,6368000,312739,39.69,53.52,36.69,10.74,3870.08,1471.71,22.06
Oaxaca,2023,443373,4194000,105716,33.86,58.03,80.72,8.12,34.75,3214.05,20.24
Puebla,2023,852716,7569000,112659,33.9,56.92,69.94,9.16,231.37,3144.92,13.5
Querétaro,2023,613535,2503000,245120,40.87,50.49,44.64,10.48,736.12,1249.21,9.07
Quintana Roo,2023,398839,2229000,178932,20.73,72.23,45.88,10.24,1031.61,397.14,31.9
San Luis Potosí,2023,573597,3105000,184733,46.84,43.66,53.72,9.61,1085.6,2071.52,18.04
Sinaloa,2023,517102,3267000,158280,18.12,68.12,47.51,10.22,405.88,1113.21,19.99
Sonora,2023,826903,3282000,251951,45.73,42.13,41.74,10.4,2395.25,915.45,45.52
Tabasco,2023,647378,2619000,247185,62.85,33.19,62.44,9.69,316.08,420.1,10.61
Tamaulipas,2023,746116,4042000,184591,39.31,52.97,43.75,10.09,510.06,1100.86,17.34
Tlaxcala,2023,149204,1412000,105669,33.74,57.07,70.77,9.83,328.89,414.2,9.92
Veracruz de Ignacio de la Llave,2023,1062249,7983000,133064,28.21,61.31,68.17,8.75,826.47,2573.81,10.16
Yucatán,2023,387739,2754000,140791,24.38,67.52,60.97,9.59,200.34,434.26,1.89
Zacatecas,2023,229296,1678000,136648,35.94,49.25,60.6,9.25,620.05,1816.25,64.9
